,nom,etablissement,Date,prix
0,Tout va bien se passer,Comédie Saint-Martin,<b>Du 9 octobre 2023 au 31 mars 2024</b>,variable
1,L'Embarras du choix,Théâtre de la Gaîté-Montparnasse,<b>Du 7 janvier 2022 au 30 juin 2024</b>,variable
2,Chers parents,Théâtre de Paris,<b>Du 11 octobre 2023 au 25 février 2024</b>,variable
3,Dernier coup de ciseaux,Théâtre des Mathurins,<b>Du 9 juin 2021 au 18 mai 2024</b>,variable
4,Edmond,Théâtre du Palais-Royal,<b>Du 17 août 2023 au 15 juin 2024</b>,variable
5,La Maison du loup,Théâtre Rive Gauche,<b>Du 14 septembre 2023 au 31 mars 2024</b>,variable
6,"C'est décidé, je deviens une connasse !",Comédie Oberkampf,<b>Du 15 septembre 2023 au 5 mai 2024</b>,variable
7,Notre vie dans l'Art,Théâtre du Soleil - Cartoucherie,<b>Du 6 décembre 2023 au 3 mars 2024</b>,variable
8,Une idée géniale,Théâtre Michel,<b>Du 19 août 2022 au 31 décembre 2023</b>,variable
9,Hernie fiscale,Comédie Saint-Martin,<b>Du 12 octobre 2023 au 31 mars 2024</b>,variable
10,Oublie-moi,Théâtre Actuel La Bruyère,<b>Du 29 août 2023 au 30 mars 2024</b>,variable
11,Le Malade imaginaire,Théâtre des Champs-Élysées,<b>Du 21 décembre 2023 au 7 janvier 2024</b>,variable
12,Dîner de famille,Café de la Gare,<b>Du 22 juin 2019 au 2 février 2025</b>,variable
13,Berlin Berlin,Théâtre Fontaine,<b>Du 7 septembre 2023 au 28 avril 2024</b>,variable
14,Un chapeau de paille d'Italie,Théâtre de la Porte Saint-Martin,<b>Du 27 septembre 2023 au 31 décembre 2023</b>,variable
15,Mes copains d'abord,Le Grand Point Virgule,<b>Du 2 juin 2023 au 30 avril 2024</b>,variable
16,Un chalet à Gstaad,Théâtre des Nouveautés,<b>Du 1 décembre 2023 au 28 janvier 2024</b>,variable
17,Changer l'eau des fleurs,Théâtre de la Renaissance,<b>Du 17 août 2023 au 7 janvier 2024</b>,variable
18,Les femmes ont toujours raison les hommes n'ont jamais tort,Théâtre Le Passage vers les Étoiles,<b>Du 17 septembre 2021 au 5 mai 2024</b>,variable
19,La Machine de Turing,Théâtre du Palais-Royal,<b>Du 18 août 2023 au 27 avril 2024</b>,variable
20,La Note,Théâtre des Bouffes Parisiens,<b>Du 21 septembre 2023 au 31 décembre 2023</b>,variable
21,L'Heure des assassins,Théâtre du Lucernaire,<b>Du 25 octobre 2023 au 21 janvier 2024</b>,variable
22,Cyrano de Bergerac,Comédie-Française - Salle Richelieu,<b>Du 8 décembre 2023 au 8 avril 2024</b>,variable
23,Pourquoi les femmes aiment les connards ?,La Grande Comédie,<b>Du 22 novembre 2023 au 31 mars 2024</b>,variable
24,Une bonne bière,Le Funambule Montmartre,<b>Du 19 octobre 2023 au 25 février 2024</b>,variable
25,Le Coucou,Théâtre Edgar,<b>Du 3 octobre 2023 au 14 mai 2024</b>,variable
26,Une journée particulière,Théâtre de l'Atelier,<b>Du 2 décembre 2023 au 31 décembre 2023</b>,variable
27,Révélations,Théâtre de Passy,<b>Du 25 novembre 2023 au 16 mars 2024</b>,variable
28,L'Amour chez les autres,Théâtre Édouard VII,<b>Du 18 janvier 2024 au 19 mai 2024</b>,variable
29,"Et pendant ce temps, Simone veille !",Comédie Bastille,<b>Du 13 mai 2017 au 30 juin 2024</b>,variable
30,Arsène Lupin,Théâtre du Lucernaire,<b>Du 8 novembre 2023 au 28 janvier 2024</b>,variable
31,Le Bracelet,Théâtre des Nouveautés,<b>Du 14 février 2024 au 5 mai 2024</b>,variable
32,Lapin,Théâtre Édouard VII,<b>Du 21 septembre 2023 au 6 janvier 2024</b>,variable
33,Le Cercle des poètes disparus,Théâtre Antoine,<b>Du 23 janvier 2024 au 31 mars 2024</b>,variable
34,Les gros patinent bien,Théâtre Saint-Georges,<b>Du 15 septembre 2023 au 24 février 2024</b>,variable
35,La Fontaine et le confinement,Théâtre Montparnasse,<b>Du 9 octobre 2023 au 4 mars 2024</b>,variable
36,Stars d'un soir,La Grande Comédie,<b>Du 19 octobre 2023 au 31 mars 2024</b>,variable
37,"C'est beau l'amour, mais ça part toujours en couilles !",La Comédie du Onzième,<b>Du 14 octobre 2022 au 3 mars 2024</b>,variable
38,Le Voyage de Gulliver,Athénée Théâtre Louis-Jouvet,<b>Du 21 décembre 2023 au 4 janvier 2024</b>,variable
39,Le Bourgeois gentilhomme,Comédie-Française - Salle Richelieu,<b>Du 17 novembre 2023 au 15 janvier 2024</b>,variable
40,"Kessel, la liberté à tout prix",Théâtre du Lucernaire,<b>Du 30 août 2023 au 7 janvier 2024</b>,variable
41,"Kessel, la liberté à tout prix",Théâtre Rive Gauche,<b>Du 12 janvier 2024 au 21 avril 2024</b>,variable
42,Moby Dick,Théâtre du Lucernaire,<b>Du 13 décembre 2023 au 3 mars 2024</b>,variable
43,Interruption,Théâtre Antoine,<b>Du 18 septembre 2023 au 13 février 2024</b>,variable
44,Les Téméraires,Comédie Bastille,<b>Du 7 septembre 2023 au 16 juin 2024</b>,variable
45,Un léger doute,Théâtre de la Renaissance,<b>Du 29 septembre 2023 au 7 janvier 2024</b>,variable
46,Toute l'histoire de la peinture en moins de deux heures,Le 13e Art,<b>Du 9 octobre 2023 au 3 juin 2024</b>,variable
47,Le Repas des fauves,Théâtre Hébertot,<b>Du 14 septembre 2023 au 29 février 2024</b>,variable
48,Le Horla,À la Folie Théâtre,<b>Du 16 novembre 2023 au 4 février 2024</b>,variable
49,Le Concierge,La Divine Comédie,<b>Du 23 septembre 2023 au 30 mars 2024</b>,variable
50,Piège pour un homme seul,Théâtre de la Michodière,<b>Du 14 septembre 2023 au 31 décembre 2023</b>,variable
51,"La Reine des neiges, l'histoire oubliée",Comédie-Française - Théâtre du Vieux-Colombier,<b>Du 22 novembre 2023 au 7 janvier 2024</b>,variable
52,La femme n'existe plus,Théâtre du Rond-Point,<b>Du 6 décembre 2023 au 31 décembre 2023</b>,variable
53,Bunker : Lettres de Magda Goebbels,Théâtre Tristan-Bernard,<b>Du 1 février 2024 au 28 mars 2024</b>,variable
54,Le Montespan,Théâtre Actuel La Bruyère,<b>Du 25 novembre 2023 au 4 février 2024</b>,variable
55,Farces et nouvelles de Tchekhov,Théâtre du Lucernaire,<b>Du 8 novembre 2023 au 7 janvier 2024</b>,variable
56,Ils se marièrent et eurent beaucoup… d'emmerdes,Théâtre Le Bourvil,<b>Du 1 octobre 2021 au 29 février 2024</b>,variable
57,L'Éducation sentimentale,Théâtre de Poche-Montparnasse,<b>Du 29 août 2023 au 3 mars 2024</b>,variable
58,Eldorado 1528,Théâtre Montparnasse,<b>Du 7 septembre 2023 au 31 décembre 2023</b>,variable
59,La Tendresse,Théâtre des Bouffes du Nord,<b>Du 6 décembre 2023 au 23 décembre 2023</b>,variable
60,Courageuses,Théâtre Antoine,<b>Du 8 novembre 2023 au 29 décembre 2023</b>,variable
61,Le Discours,Théâtre de la Renaissance,<b>Du 12 novembre 2023 au 31 décembre 2023</b>,variable
62,Smile,Théâtre de l'Œuvre,<b>Du 14 octobre 2023 au 23 décembre 2023</b>,variable
63,Smile,La Scala Paris,<b>Du 27 décembre 2023 au 31 décembre 2023</b>,variable
64,Vidéo club,Théâtre Antoine,<b>Du 14 septembre 2023 au 6 janvier 2024</b>,variable
65,Les Fourberies de Scapin,Espace Marais,<b>Du 30 septembre 2023 au 6 janvier 2024</b>,variable
66,Les Fourberies de Scapin,Comédie-Française - Salle Richelieu,<b>Du 3 février 2024 au 26 juin 2024</b>,variable
67,L'Argent de la vieille,Le Théâtre Libre,<b>Du 1 février 2024 au 5 mai 2024</b>,variable
68,Une histoire d'amour,Le Splendid,<b>Du 18 octobre 2023 au 21 janvier 2024</b>,variable
69,Passeport,Théâtre de la Renaissance,<b>Du 26 janvier 2024 au 30 juin 2024</b>,variable
70,Ruy Blas,Théâtre Marigny,<b>Du 27 septembre 2023 au 31 décembre 2023</b>,variable
71,Le Misanthrope,Comédie-Française - Salle Richelieu,<b>Du 22 décembre 2023 au 11 février 2024</b>,variable
72,Borderline,Théâtre de Passy,<b>Du 7 septembre 2023 au 31 décembre 2023</b>,variable
73,Big Mother,Théâtre des Béliers Parisiens,<b>Du 7 février 2023 au 31 mars 2024</b>,variable
74,Mais n’te promène donc pas toute nue,Espace Marais,<b>Du 16 décembre 2023 au 6 janvier 2024</b>,variable
75,Intra Muros,La Pépinière Théâtre,<b>Du 20 septembre 2022 au 5 mai 2024</b>,variable
76,La Guerre des sexes,Les Enfants du Paradis,<b>Du 29 septembre 2023 au 31 mars 2024</b>,variable
77,Les Crapauds fous,Le Splendid,<b>Du 27 janvier 2023 au 21 janvier 2024</b>,variable
78,Un homme qui boit,Le 13e Art,<b>Du 27 février 2024 au 31 mars 2024</b>,variable
79,Sacré Pan !,Théâtre des Variétés,<b>Du 26 janvier 2024 au 13 avril 2024</b>,variable
80,Bungalow 21,Théâtre de la Madeleine,<b>Du 14 septembre 2023 au 7 janvier 2024</b>,variable
81,Gargantua,Théâtre de Poche-Montparnasse,<b>Du 30 août 2023 au 24 décembre 2023</b>,variable
82,Ce soir ou jamais,Théâtre Mélo d'Amélie,<b>Du 1 juillet 2023 au 30 avril 2024</b>,variable
83,Sherlock Holmes et le mystère de la vallée de Boscombe,Le Grand Point Virgule,<b>Du 12 juin 2021 au 28 avril 2024</b>,variable
84,L'Effet miroir,Théâtre de l'Œuvre,<b>Du 12 octobre 2023 au 13 janvier 2024</b>,variable
85,Panique en coulisses,Théâtre des Variétés,<b>Du 27 septembre 2023 au 7 janvier 2024</b>,variable
86,Par ici la sortie,Théâtre Edgar,<b>Du 4 février 2023 au 11 mai 2024</b>,variable
87,Les Poupées persanes,La Pépinière Théâtre,<b>Du 14 septembre 2023 au 6 janvier 2024</b>,variable
88,Les Poupées persanes,La Pépinière Théâtre,<b>Du 16 mai 2024 au 13 juillet 2024</b>,variable
89,Mata Hari ou la justice des hommes,Théâtre Montparnasse,<b>Du 31 août 2023 au 31 décembre 2023</b>,variable
90,La Puce à l'oreille,Comédie-Française - Salle Richelieu,<b>Du 19 septembre 2023 au 1 janvier 2024</b>,variable
91,"Deux mains, la liberté",Studio Hébertot,<b>Du 14 octobre 2023 au 31 mars 2024</b>,variable
92,Biographie : un jeu,Théâtre Marigny,<b>Du 16 janvier 2024 au 17 mars 2024</b>,variable
93,Contes et légendes,Théâtre de la Porte Saint-Martin,<b>Du 10 janvier 2024 au 10 mars 2024</b>,variable
94,12 hommes en colère,Théâtre Hébertot,<b>Du 22 septembre 2023 au 28 janvier 2024</b>,variable
95,Maîtres anciens : Comédie,Théâtre 14,<b>Du 5 décembre 2023 au 23 décembre 2023</b>,variable
96,Bienvenue à la Caf,La Comédie du Onzième,<b>Du 26 décembre 2023 au 1 avril 2024</b>,variable
97,La Joconde parle enfin,Théâtre de l'Œuvre,<b>Du 15 février 2024 au 31 mars 2024</b>,variable
98,Le Comte de Monte-Cristo,Théâtre L'Essaïon,<b>Du 24 novembre 2023 au 25 février 2024</b>,variable
99,Coupures,Théâtre des Béliers Parisiens,<b>Du 25 août 2023 au 4 janvier 2024</b>,variable
100,Courgette,Théâtre Tristan-Bernard,<b>Du 25 août 2023 au 6 janvier 2024</b>,variable
101,Fabrice Luchini lit Victor Hugo,Théâtre de l'Atelier,<b>Du 22 octobre 2024 au 31 octobre 2024</b>,variable
102,L'Échange,Théâtre de Poche-Montparnasse,<b>Du 12 septembre 2023 au 31 décembre 2023</b>,variable
103,La Folle et Inconvenante Histoire des femmes,Le Funambule Montmartre,<b>Du 23 octobre 2023 au 30 janvier 2024</b>,variable
104,Lucrèce Borgia,Comédie-Française - Salle Richelieu,<b>Du 17 janvier 2024 au 1 avril 2024</b>,variable
105,Un pour tous,Café de la Gare,<b>Le 31 décembre 2023</b>,variable
106,Un pour tous,Les Enfants du Paradis,<b>Du 22 décembre 2023 au 5 janvier 2024</b>,variable
107,Jacques et Chirac,Théâtre de la Contrescarpe,<b>Du 16 août 2023 au 29 février 2024</b>,variable
108,Cyrano de Bergerac,Théâtre Ranelagh,<b>Du 26 octobre 2023 au 12 mai 2024</b>,variable
109,L'Os à moelle,Artistic Théâtre,<b>Du 21 octobre 2023 au 31 décembre 2023</b>,variable
110,Pour le meilleur et pour le dire,Café de la Gare,<b>Du 6 octobre 2023 au 28 janvier 2024</b>,variable
111,L'Incroyable Épopée de François 1er,Théâtre de la Contrescarpe,<b>Du 6 novembre 2023 au 26 février 2024</b>,variable
112,Geli,La Manufacture des Abbesses,<b>Du 26 novembre 2023 au 16 janvier 2024</b>,variable
113,La Chute,Théâtre de la Contrescarpe,<b>Du 11 septembre 2023 au 27 février 2024</b>,variable
114,Le Discours de la servitude volontaire,Théâtre de l'Épée de Bois - Cartoucherie,<b>Du 25 novembre 2023 au 23 décembre 2023</b>,variable
115,Je t'aime à l'italienne et à l'algérienne,La Divine Comédie,<b>Du 30 septembre 2023 au 7 janvier 2024</b>,variable
116,An Irish Story (une histoire irlandaise),Théâtre de Belleville,<b>Du 3 décembre 2023 au 30 janvier 2024</b>,variable
117,Un chapeau de paille d'Italie,Théâtre du Lucernaire,<b>Du 10 janvier 2024 au 17 mars 2024</b>,variable
118,Freud et la femme de chambre,Théâtre Montparnasse,<b>Du 20 janvier 2024 au 7 avril 2024</b>,variable
119,Le Tartuffe,Comédie Saint-Michel,<b>Du 9 décembre 2023 au 20 janvier 2024</b>,variable
120,Sherlock Holmes et l'aventure du diamant bleu,Le Grand Point Virgule,<b>Du 3 décembre 2021 au 27 avril 2024</b>,variable
121,Je me sens si bien chez vous,Théâtre des Blancs Manteaux,<b>Du 22 décembre 2023 au 29 mars 2024</b>,variable
122,Together,Théâtre de l'Atelier,<b>Du 16 janvier 2024 au 18 février 2024</b>,variable
123,Le Père Noël est une ordure,Théâtre du Gymnase,<b>Du 7 octobre 2023 au 6 janvier 2024</b>,variable
124,L'Enfant de verre,Théâtre de l'Épée de Bois - Cartoucherie,<b>Du 7 décembre 2023 au 23 décembre 2023</b>,variable
125,J'aime beaucoup ce que vous faites,Théâtre Mélo d'Amélie,<b>Du 1 septembre 2023 au 6 janvier 2024</b>,variable
126,Le Songe d'une nuit d'été,Théâtre de la Ville - Sarah Bernhardt,<b>Du 16 janvier 2024 au 10 février 2024</b>,variable
127,L'Antichambre,Théâtre Ranelagh,<b>Du 8 septembre 2023 au 14 janvier 2024</b>,variable
128,Le Silence,Comédie-Française - Théâtre du Vieux-Colombier,<b>Du 31 janvier 2024 au 10 mars 2024</b>,variable
129,L'Avare,Théâtre Ranelagh,<b>Du 22 octobre 2023 au 27 avril 2024</b>,variable
130,Les Quatre Sœurs March,Théâtre Ranelagh,<b>Du 19 janvier 2024 au 31 mars 2024</b>,variable
131,Juste un souvenir,Théâtre de Poche-Montparnasse,<b>Du 23 novembre 2023 au 14 janvier 2024</b>,variable
132,Les Desperate Housemen se marient !,Le Grand Point Virgule,<b>Du 15 septembre 2023 au 30 mars 2024</b>,variable
133,Ma version de l'histoire,Théâtre Michel,<b>Du 10 janvier 2024 au 30 mars 2024</b>,variable
134,Rose Valland : Sauver un peu de la beauté du monde,Théâtre La Boussole,<b>Du 19 octobre 2023 au 13 janvier 2024</b>,variable
135,La Cantatrice chauve,Théâtre de la Huchette,<b>Du 16 février 1957 au 13 juillet 2024</b>,variable
136,On a essayé de monter Hamlet,Théâtre Edgar,<b>Du 30 septembre 2023 au 11 mai 2024</b>,variable
137,Camus par Enthoven,Le Théâtre Libre,<b>Du 4 octobre 2023 au 5 février 2024</b>,variable
138,Culottées,Comédie-Française - Studio-Théâtre,<b>Du 25 janvier 2024 au 3 mars 2024</b>,variable
139,Sentinelles,Théâtre du Rond-Point,<b>Du 30 janvier 2024 au 10 février 2024</b>,variable
140,Les Entretiens d'embauche,Théâtre Le Bourvil,<b>Du 15 juin 2023 au 31 mars 2024</b>,variable
141,Ados,Le Grand Point Virgule,<b>Du 30 septembre 2023 au 26 mai 2024</b>,variable
142,Les Fous alliés,Théâtre du Marais,<b>Du 25 septembre 2023 au 29 janvier 2024</b>,variable
143,Le meilleur de l'homme c'est... sa femme,Théâtre Le Passage vers les Étoiles,<b>Du 1 juillet 2023 au 3 mars 2024</b>,variable
144,Vel d'Hiv,Théâtre Antoine,<b>Du 10 janvier 2024 au 18 février 2024</b>,variable
145,Le Vertige,Théâtre de la Madeleine,<b>Du 1 février 2024 au 10 mars 2024</b>,variable
146,Les Contes du chat perché : Le Chien,Comédie-Française - Studio-Théâtre,<b>Du 22 novembre 2023 au 7 janvier 2024</b>,variable
147,Ferme bien ta gueule,Théâtre Lepic,<b>Du 20 septembre 2023 au 7 janvier 2024</b>,variable
148,L'Odeur de la guerre,La Scala Paris,<b>Du 12 octobre 2023 au 17 mars 2024</b>,variable
149,L'Homme de ses rêves,Comédie Saint-Michel,<b>Du 8 septembre 2023 au 7 mai 2024</b>,variable
150,Gisèle Halimi : Une farouche liberté,La Scala Paris,<b>Du 27 février 2024 au 31 mars 2024</b>,variable
151,Le Quai,La Manufacture des Abbesses,<b>Du 30 novembre 2023 au 14 janvier 2024</b>,variable
152,Mondial placard,Théâtre Tristan-Bernard,<b>Du 19 janvier 2024 au 30 avril 2024</b>,variable
153,Le Plus Heureux des trois,Théâtre Edgar,<b>Du 22 janvier 2024 au 14 mai 2024</b>,variable
154,Cyrano,Le Théâtre Libre,<b>Du 16 janvier 2024 au 17 mars 2024</b>,variable
155,Hamlet,Odéon - Théâtre de l'Europe,<b>Du 5 mars 2024 au 14 avril 2024</b>,variable
156,Choisis la vie et tu vivras,Théâtre L'Essaïon,<b>Du 22 décembre 2023 au 2 mars 2024</b>,variable
157,Denali,Théâtre Marigny,<b>Du 17 novembre 2023 au 31 décembre 2023</b>,variable
158,L'Avare,Espace Marais,<b>Du 23 septembre 2023 au 6 janvier 2024</b>,variable
159,Les Délices du chocolat et puis… Venise,Comédie Italienne,<b>Du 14 octobre 2023 au 25 février 2024</b>,variable
160,Le jour où mon cactus a fleuri,Théâtre Le Bourvil,<b>Du 28 octobre 2023 au 31 mars 2024</b>,variable
161,"Les parents viennent de Mars, les enfants du Mc Do ! Chez Papa",Théâtre des Blancs Manteaux,<b>Du 6 août 2022 au 30 mars 2024</b>,variable
162,Le Nectar des dieux,Le Funambule Montmartre,<b>Du 9 novembre 2023 au 14 janvier 2024</b>,variable
163,Je suis la maman du bourreau,La Pépinière Théâtre,<b>Du 18 janvier 2024 au 4 mai 2024</b>,variable
164,Le portrait de Dorian Gray,Théâtre Ranelagh,<b>Du 21 octobre 2023 au 13 avril 2024</b>,variable
165,100% Marianne,Théâtre du Gymnase,<b>Du 3 décembre 2023 au 21 janvier 2024</b>,variable
166,"Je ne cours pas, je vole !",Comédie des Champs-Élysées,<b>Du 14 septembre 2023 au 30 décembre 2023</b>,variable
167,"Amour, sexe et plus si affinités !",La Comédie du Onzième,<b>Du 30 septembre 2023 au 2 février 2024</b>,variable
168,The Rosa Parks Story,Alhambra,<b>Le 31 mai 2024</b>,variable
169,Drôle d'Histoire de France,Théâtre Edgar,<b>Du 3 octobre 2023 au 21 janvier 2024</b>,variable
170,Le Neveu de Rameau,Théâtre Ranelagh,<b>Du 9 septembre 2023 au 14 janvier 2024</b>,variable
171,Les Chaises,Théâtre du Lucernaire,<b>Du 10 janvier 2024 au 10 mars 2024</b>,variable
172,Eurydice,Théâtre de Poche-Montparnasse,<b>Du 4 septembre 2023 au 4 mars 2024</b>,variable
173,Eva Rami : Va aimer !,Théâtre Lepic,<b>Du 26 septembre 2023 au 5 janvier 2024</b>,variable
174,Dialaw Project,Théâtre de la Ville - Les Abbesses,<b>Du 19 décembre 2023 au 23 décembre 2023</b>,variable
175,Désintégration,Théâtre de l'Épée de Bois - Cartoucherie,<b>Du 7 décembre 2023 au 23 décembre 2023</b>,variable
176,Dom Juan,Odéon - Théâtre de l'Europe,<b>Du 23 avril 2024 au 19 mai 2024</b>,variable
177,Mort à crédit,Théâtre de la Contrescarpe,<b>Du 1 octobre 2023 au 28 février 2024</b>,variable
178,Le Syndrome de l'oiseau,Théâtre du Petit Saint-Martin,<b>Du 23 janvier 2024 au 9 mars 2024</b>,variable
179,Premier Amour,Théâtre du Petit Saint-Martin,<b>Du 24 novembre 2023 au 30 décembre 2023</b>,variable
180,Une fille d'Ève,Guichet-Montparnasse,<b>Du 3 novembre 2023 au 28 janvier 2024</b>,variable
181,La Réunification des deux Corées,Théâtre de la Porte Saint-Martin,<b>Du 24 avril 2024 au 26 mai 2024</b>,variable
182,Bric à Brac,Théâtre La Croisée des Chemins,<b>Du 16 septembre 2023 au 30 décembre 2023</b>,variable
183,La Mouche,Théâtre des Bouffes du Nord,<b>Du 7 février 2024 au 25 février 2024</b>,variable
184,"Mozart, mon amour",Théâtre de Poche-Montparnasse,<b>Du 4 septembre 2023 au 4 mars 2024</b>,variable
185,Le Joueur d'échecs,Théâtre L'Essaïon,<b>Du 16 octobre 2023 au 30 janvier 2024</b>,variable
186,Le Cid,Théâtre Ranelagh,<b>Du 15 octobre 2023 au 20 avril 2024</b>,variable
187,Les Diaboliques,Théâtre de Poche-Montparnasse,<b>Du 16 janvier 2024 au 10 mars 2024</b>,variable
188,Jamais le deuxième soir !,Théâtre Mélo d'Amélie,<b>Du 12 janvier 2024 au 30 avril 2024</b>,variable
189,La Fontaine en fables et en notes,Théâtre de Poche-Montparnasse,<b>Du 18 septembre 2023 au 25 mars 2024</b>,variable
190,La Mouette,Théâtre de la Ville - Les Abbesses,<b>Du 31 janvier 2024 au 11 février 2024</b>,variable
191,La Cantatrice chauve + La Leçon,Théâtre de la Huchette,<b>Du 16 février 1957 au 13 juillet 2024</b>,variable
192,La Réponse des Hommes,Odéon - Ateliers Berthier,<b>Du 9 janvier 2024 au 20 janvier 2024</b>,variable
193,4211 km,Théâtre Marigny,<b>Du 10 janvier 2024 au 14 avril 2024</b>,variable
194,Orphelins,Théâtre de Belleville,<b>Du 3 décembre 2023 au 28 décembre 2023</b>,variable
195,Ce qu'il faudra laisser aux anges,Théâtre Lepic,<b>Du 15 octobre 2023 au 12 mai 2024</b>,variable
196,Quand je serai grande je serai Patrick Swayze,La Scala Paris,<b>Du 3 octobre 2023 au 27 décembre 2023</b>,variable
197,Zoé,Théâtre de Belleville,<b>Du 5 janvier 2024 au 29 février 2024</b>,variable
198,Frank Henry : Gangster ni fier ni honteux,La Nouvelle Ève,<b>Du 26 janvier 2024 au 30 mars 2024</b>,variable
199,La Leçon,Théâtre de la Huchette,<b>Du 18 février 1957 au 13 juillet 2024</b>,variable
200,Le Misanthrope,Théâtre de l'Épée de Bois - Cartoucherie,<b>Du 11 janvier 2024 au 4 février 2024</b>,variable
201,L'Échappée,Théâtre du Rond-Point,<b>Du 12 décembre 2023 au 23 décembre 2023</b>,variable
202,Andromaque,Théâtre de l'Épée de Bois - Cartoucherie,<b>Du 11 janvier 2024 au 28 janvier 2024</b>,variable
203,Une belle histoire d'humour,Théâtre du Gymnase,<b>Du 13 octobre 2023 au 6 janvier 2024</b>,variable
204,C'est pas facile d'être heureux quand on va mal,Théâtre Lepic,<b>Du 17 janvier 2024 au 12 mai 2024</b>,variable
205,Il est interdit de vieillir,Studio Hébertot,<b>Du 21 novembre 2023 au 31 janvier 2024</b>,variable
206,Le Jeu de l'amour et du hasard,Théâtre du Lucernaire,<b>Du 24 janvier 2024 au 24 mars 2024</b>,variable
207,Pauline & Carton,La Scala Paris,<b>Du 16 mars 2024 au 23 juin 2024</b>,variable
208,Un prince,Comédie des Champs-Élysées,<b>Du 24 janvier 2024 au 31 mars 2024</b>,variable
209,Dans 5 heures,Théâtre de Belleville,<b>Du 7 janvier 2024 au 30 janvier 2024</b>,variable
210,Le Palier,Théâtre La Croisée des Chemins,<b>Du 4 novembre 2023 au 30 décembre 2023</b>,variable
211,Le Testament Médicis,Théâtre Lepic,<b>Du 16 juin 2023 au 7 janvier 2024</b>,variable
212,Un Tramway nommé Désir,Théâtre des Bouffes Parisiens,<b>Du 31 janvier 2024 au 31 mars 2024</b>,variable
213,"Les Garçons et Guillaume, à table !",Le Funambule Montmartre,<b>Du 4 mars 2024 au 30 avril 2024</b>,variable
214,La Porte à côté,À la Folie Théâtre,<b>Du 1 décembre 2023 au 2 mars 2024</b>,variable
215,"Yann Marguet : Exister, définition",Le Théâtre Libre,<b>Du 5 octobre 2023 au 30 décembre 2023</b>,variable
216,Hold up et bras cassés,Théâtre Montmartre Galabru,<b>Du 22 septembre 2023 au 29 décembre 2023</b>,variable
217,Alessandra Sublet : Tous les risques n'auront pas la saveur du succès,Le Théâtre Libre,<b>Du 17 novembre 2023 au 23 décembre 2023</b>,variable
218,Le Mariage forcé,Théâtre du Rond-Point,<b>Du 20 février 2024 au 1 mars 2024</b>,variable
219,Charles de Foucauld frère universel,Église Saint-Augustin,<b>Du 8 novembre 2023 au 26 juin 2024</b>,variable
220,La vengeance est un plat,Athénée Théâtre Louis-Jouvet,<b>Du 9 janvier 2024 au 21 janvier 2024</b>,variable
221,Dans la peau de Cyrano,Théâtre Ranelagh,<b>Du 18 janvier 2024 au 28 avril 2024</b>,variable
222,À la recherche du temps perdu,Théâtre de la Contrescarpe,<b>Du 5 novembre 2023 au 31 décembre 2023</b>,variable
223,Roméo et Juliette,Théâtre Lepic,<b>Du 27 septembre 2023 au 7 janvier 2024</b>,variable
224,Ils nous ont oubliés,La Colline - Théâtre national,<b>Du 16 janvier 2024 au 10 février 2024</b>,variable
225,Les Travailleurs de la mer,Théâtre du Lucernaire,<b>Du 24 janvier 2024 au 17 mars 2024</b>,variable
226,La P'tite Débrouille,Les Enfants du Paradis,<b>Du 28 septembre 2023 au 6 janvier 2024</b>,variable
227,Inscape Game,Le Funambule Montmartre,<b>Du 6 novembre 2023 au 2 janvier 2024</b>,variable
228,Pauvre Bitos - Le Dîner de têtes,Théâtre Hébertot,<b>Du 9 février 2024 au 5 mai 2024</b>,variable
229,Les Bonshommes ou comment vraiment s'en débarrasser,Théâtre du Gymnase,<b>Du 15 octobre 2023 au 31 décembre 2023</b>,variable
230,"Paris des Femmes, édition 2024",La Pépinière Théâtre,<b>Du 11 janvier 2024 au 13 janvier 2024</b>,variable
231,Oh ! Les Beaux Jours,Théâtre de Nesle,<b>Du 30 octobre 2023 au 29 janvier 2024</b>,variable
232,Sacha contre Guitry (tout contre),Théâtre Michel,<b>Du 12 octobre 2023 au 30 décembre 2023</b>,variable
233,Le Temps d'une vie,Comédie Saint-Michel,<b>Du 6 décembre 2023 au 21 avril 2024</b>,variable
234,Le Bateau pour Lipaïa,Studio Hébertot,<b>Du 26 octobre 2023 au 11 février 2024</b>,variable
235,Gervaise,Théâtre L'Essaïon,<b>Du 5 février 2024 au 19 mars 2024</b>,variable
236,Le Journal d'Audrey Hepburn,Théâtre des Mathurins,<b>Du 5 octobre 2023 au 30 décembre 2023</b>,variable
237,Le Mariage de Figaro,Espace Marais,<b>Du 30 septembre 2023 au 6 janvier 2024</b>,variable
238,Merteuil,Théâtre du Lucernaire,<b>Du 31 janvier 2024 au 31 mars 2024</b>,variable
239,Fly me to the moon,Studio Hébertot,<b>Du 4 novembre 2023 au 27 janvier 2024</b>,variable
240,Bernard Werber : Voyage intérieur,Théâtre de la Gaîté-Montparnasse,<b>Du 18 septembre 2023 au 8 janvier 2024</b>,variable
241,Lumières du corps,Théâtre du Soleil - Cartoucherie,<b>Du 10 janvier 2024 au 26 janvier 2024</b>,variable
242,"40° sous zéro, l'homosexuel ou la difficulté de s’exprimer + Les Quatre Jumelles",Théâtre du Rond-Point,<b>Du 11 janvier 2024 au 27 janvier 2024</b>,variable
243,Van Gogh : Deux frères pour une vie,Guichet-Montparnasse,<b>Du 8 septembre 2023 au 29 décembre 2023</b>,variable
244,Invisibili,Théâtre de la Ville - Les Abbesses,<b>Du 5 janvier 2024 au 20 janvier 2024</b>,variable
245,Le Consentement,Théâtre du Rond-Point,<b>Du 7 mars 2024 au 6 avril 2024</b>,variable
246,Gamètes,Théâtre de Belleville,<b>Du 6 décembre 2023 au 30 décembre 2023</b>,variable
247,Antoine de Maximy : J'irai dormir sur scène,Le Grand Point Virgule,<b>Du 27 décembre 2023 au 13 janvier 2024</b>,variable
248,Les galets au Tilleul sont plus petits qu’au Havre (ce qui rend la baignade bien plus agréable),Théâtre de l'Atelier,<b>Du 12 janvier 2024 au 10 mars 2024</b>,variable
249,Quinder extra,Théâtre des Blancs Manteaux,<b>Du 24 octobre 2022 au 30 mars 2024</b>,variable
250,Le problème lapin - Cartographie 7,Théâtre du Rond-Point,<b>Du 10 janvier 2024 au 27 janvier 2024</b>,variable
251,L'Amour de l'art,Le Centquatre (104),<b>Du 24 janvier 2024 au 27 janvier 2024</b>,variable
252,L'Amour de l'art,Théâtre de la Bastille,<b>Du 10 janvier 2024 au 20 janvier 2024</b>,variable
253,Jamais seul,La Manufacture des Abbesses,<b>Du 6 décembre 2023 au 13 janvier 2024</b>,variable
254,S'abandonner à vivre,Théâtre de Poche-Montparnasse,<b>Du 4 septembre 2023 au 29 janvier 2024</b>,variable
255,Il faut qu'une porte soit ouverte ou fermée,Théâtre L'Essaïon,<b>Du 3 octobre 2023 au 9 janvier 2024</b>,variable
256,VIRIL(E·S),Théâtre Lepic,<b>Du 5 octobre 2023 au 7 janvier 2024</b>,variable
257,James Brown mettait des bigoudis,Théâtre Marigny,<b>Du 28 mars 2024 au 5 mai 2024</b>,variable
258,Le Joueur d'échecs,Théâtre Darius Milhaud,<b>Du 12 janvier 2024 au 29 mars 2024</b>,variable
259,Madame Marguerite,Théâtre L'Essaïon,<b>Du 17 octobre 2023 au 17 janvier 2024</b>,variable
260,Homini Lupus,Théâtre La Croisée des Chemins,<b>Du 10 novembre 2023 au 30 décembre 2023</b>,variable
261,L'habit ne fait pas le Kir,Théâtre des Deux Ânes,<b>Du 4 octobre 2023 au 28 décembre 2023</b>,variable
262,Eleonora Galasso : Dévorante,Théâtre des Mathurins,<b>Du 16 janvier 2024 au 26 mars 2024</b>,variable
263,Racine par la racine,Théâtre L'Essaïon,<b>Du 4 octobre 2023 au 26 juin 2024</b>,variable
264,"Colette, l’incorrigible… besoin d’écrire",À la Folie Théâtre,<b>Du 1 décembre 2023 au 2 mars 2024</b>,variable
265,Incandescences,Théâtre de la Tempête - Cartoucherie,<b>Du 29 février 2024 au 31 mars 2024</b>,variable
266,L'Abus d'amour,Comédie Saint-Michel,<b>Du 8 septembre 2023 au 6 janvier 2024</b>,variable
267,N’importe où hors du monde,Guichet-Montparnasse,<b>Du 14 décembre 2023 au 28 mars 2024</b>,variable
268,Le Journal d’une femme de chambre,Théâtre Darius Milhaud,<b>Du 12 septembre 2023 au 25 juin 2024</b>,variable
269,Le Malade imaginaire,Espace Marais,<b>Du 24 septembre 2023 au 7 janvier 2024</b>,variable
270,Le Joueur d'échecs,Espace Marais,<b>Du 24 septembre 2023 au 7 janvier 2024</b>,variable
271,Amok,Théâtre Darius Milhaud,<b>Du 16 octobre 2023 au 20 mai 2024</b>,variable
272,Célimène et le Cardinal,Comédie Saint-Michel,<b>Du 5 octobre 2023 au 4 janvier 2024</b>,variable
273,Crusoé repart,Studio Hébertot,<b>Du 27 décembre 2023 au 24 janvier 2024</b>,variable
274,Le Paradoxe du désir,Guichet-Montparnasse,<b>Du 5 janvier 2024 au 25 février 2024</b>,variable
275,"Chateaubriand, Mémoires d'outre-tombe",Théâtre de Poche-Montparnasse,<b>Du 18 janvier 2024 au 16 mars 2024</b>,variable
276,Un moment avec Victor Hugo,Théâtre du Nord-Ouest,<b>Du 23 octobre 2023 au 2 janvier 2024</b>,variable
277,Radicale,Théâtre L'Essaïon,<b>Du 31 août 2023 au 13 janvier 2024</b>,variable
278,L'École des maris,Théâtre du Nord-Ouest,<b>Du 14 novembre 2023 au 28 décembre 2023</b>,variable
279,Trafiquée,Théâtre La Croisée des Chemins,<b>Du 5 novembre 2023 au 28 décembre 2023</b>,variable
280,Le Prix de l'ascension,Comédie de Paris,<b>Du 12 janvier 2024 au 24 mars 2024</b>,variable
281,Que sur toi se lamente le tigre,Théâtre de la Tempête - Cartoucherie,<b>Du 12 janvier 2024 au 11 février 2024</b>,variable
282,Les Forteresses,Théâtre de la Bastille,<b>Du 5 février 2024 au 11 février 2024</b>,variable
283,Nulle autre voix,Théâtre de l'Épée de Bois - Cartoucherie,<b>Du 7 décembre 2023 au 23 décembre 2023</b>,variable
284,L'Appel,Lavoir Moderne Parisien,<b>Du 19 décembre 2023 au 23 décembre 2023</b>,variable
285,Vous n'aurez pas la Bretagne !,Théâtre de la Contrescarpe,<b>Du 16 janvier 2024 au 27 février 2024</b>,variable
286,De Gaulle est de retour,Théâtre des Deux Ânes,<b>Du 7 octobre 2023 au 25 février 2024</b>,variable
287,Fragments,La Scala Paris,<b>Du 24 janvier 2024 au 2 février 2024</b>,variable
288,Le Mandat,Théâtre de la Tempête - Cartoucherie,<b>Du 18 avril 2024 au 5 mai 2024</b>,variable
289,Iphigénie,Théâtre Douze,<b>Le 15 janvier 2024</b>,variable
290,Koulounisation,Théâtre de la Bastille,<b>Du 29 avril 2024 au 12 mai 2024</b>,variable
291,Wall Street malgré moi,Le Funambule Montmartre,<b>Du 6 septembre 2023 au 3 janvier 2024</b>,variable
292,Claudel en partage,Comédie Saint-Michel,<b>Du 6 septembre 2023 au 7 janvier 2024</b>,variable
293,"La Nuit, adaptation des nouvelles de Guy de Maupassant",La Scala Paris,<b>Du 17 janvier 2024 au 28 janvier 2024</b>,variable
294,Un sentiment de vie,Théâtre des Bouffes du Nord,<b>Du 11 janvier 2024 au 27 janvier 2024</b>,variable
295,La Folle Histoire de l'île mystérieuse,Les Enfants du Paradis,<b>Du 20 janvier 2024 au 14 avril 2024</b>,variable
296,Les Sphères ennemies,Les Enfants du Paradis,<b>Du 19 septembre 2023 au 2 janvier 2024</b>,variable
297,Vous dansez mademoiselle ?,Théâtre des Blancs Manteaux,<b>Du 11 septembre 2023 au 25 mars 2024</b>,variable
298,Trilogie des secrets : Curtain Call!,La Colline - Théâtre national,<b>Du 9 janvier 2024 au 21 janvier 2024</b>,variable
299,Je m’appelle Asher Lev,Théâtre des Béliers Parisiens,<b>Du 12 janvier 2024 au 29 février 2024</b>,variable
300,L'Arnaqueuse,Théâtre Mélo d'Amélie,<b>Du 13 septembre 2023 au 27 décembre 2023</b>,variable
301,Huis Clos,Laurette Théâtre,<b>Du 22 septembre 2023 au 19 mai 2024</b>,variable
302,Eccentric,La Nouvelle Ève,<b>Du 15 novembre 2023 au 27 décembre 2023</b>,variable
303,En Addicto,Théâtre de l'Aquarium - Cartoucherie,<b>Du 8 mars 2024 au 10 mars 2024</b>,variable
304,La Belle Histoire de Coline Serreau,Théâtre Michel,<b>Du 23 octobre 2023 au 25 mars 2024</b>,variable
305,Quand je serai un homme,Théâtre L'Essaïon,<b>Du 19 janvier 2024 au 13 avril 2024</b>,variable
306,J'accuse [France],Théâtre 13 - Bibliothèque,<b>Du 10 janvier 2024 au 20 janvier 2024</b>,variable
307,Stigmates de la gloire,À la Folie Théâtre,<b>Du 16 novembre 2023 au 3 février 2024</b>,variable
308,Leçons de philosophie drôles et très sérieuses,Théâtre de la Contrescarpe,<b>Du 4 octobre 2023 au 14 février 2024</b>,variable
309,Conversation intime : Catherine Frot,Théâtre Antoine,<b>Le 29 janvier 2024</b>,variable
310,Cache cache nerveux,Comédie Saint-Michel,<b>Du 9 septembre 2023 au 7 janvier 2024</b>,variable
311,Jours de joie,Odéon - Ateliers Berthier,<b>Du 20 avril 2024 au 5 mai 2024</b>,variable
312,Le Dictionnaire amoureux de l’inutile,La Scala Paris,<b>Du 18 mai 2024 au 1 juin 2024</b>,variable
313,Le Molière imaginaire,Théâtre du Soleil - Cartoucherie,<b>Du 16 janvier 2024 au 24 janvier 2024</b>,variable
314,Parpaing,Théâtre 13 - Glacière,<b>Du 24 janvier 2024 au 3 février 2024</b>,variable
315,Personne,Théâtre 14,<b>Du 9 janvier 2024 au 27 janvier 2024</b>,variable
316,Les Bonnes,Théâtre 14,<b>Du 27 février 2024 au 23 mars 2024</b>,variable
317,"Nora, Nora, Nora ! De l’influence des épouses sur les chefs-d’œuvre",Théâtre de la Tempête - Cartoucherie,<b>Du 1 mars 2024 au 31 mars 2024</b>,variable
318,L'Hôtel des sept,Comédie Saint-Michel,<b>Du 10 janvier 2024 au 3 mai 2024</b>,variable
319,Puisque tu pars,Théâtre L'Essaïon,<b>Du 24 janvier 2024 au 28 mars 2024</b>,variable
320,Les Paravents,Odéon - Théâtre de l'Europe,<b>Du 31 mai 2024 au 19 juin 2024</b>,variable
321,Petits silences gênés,Théâtre Darius Milhaud,<b>Du 2 février 2024 au 20 avril 2024</b>,variable
322,Pour un oui ou pour un non,Théâtre du Nord-Ouest,<b>Du 16 octobre 2023 au 29 décembre 2023</b>,variable
323,Music-Hall,Théâtre du Nord-Ouest,<b>Du 18 novembre 2023 au 1 janvier 2024</b>,variable
324,Rendez-vous à l'Élysée,Théâtre de Nesle,<b>Du 2 décembre 2023 au 20 janvier 2024</b>,variable
325,L'Ordinaire Histoire d'Ernest Boubouroche,Théâtre de Nesle,<b>Du 10 novembre 2023 au 31 décembre 2023</b>,variable
326,Le Marchand de Venise,Théâtre de l'Épée de Bois - Cartoucherie,<b>Du 15 mars 2024 au 31 mars 2024</b>,variable
327,"4,7% de liberté",Théâtre de la Ville - Les Abbesses,<b>Du 27 février 2024 au 2 mars 2024</b>,variable
328,Le Mariage de Figaro,Théâtre Ranelagh,<b>Du 24 octobre 2023 au 14 avril 2024</b>,variable
329,Je me suis perdue en chemin [pour toi],Théâtre Darius Milhaud,<b>Du 4 janvier 2024 au 11 avril 2024</b>,variable
330,Tout le temps du monde,La Colline - Théâtre national,<b>Du 30 janvier 2024 au 11 février 2024</b>,variable
331,Backlash,Théâtre de Belleville,<b>Du 6 janvier 2024 au 31 mars 2024</b>,variable
332,Pour un temps sois peu,Théâtre Paris-Villette,<b>Du 24 janvier 2024 au 3 février 2024</b>,variable
333,Francis : Itinéraire d'un enfant raté,La Divine Comédie,<b>Du 8 janvier 2024 au 29 avril 2024</b>,variable
334,Le Projet Marivaux,Guichet-Montparnasse,<b>Du 14 janvier 2024 au 31 mars 2024</b>,variable
335,Le Deuxième Coup de feu,Théâtre Darius Milhaud,<b>Du 7 janvier 2024 au 18 février 2024</b>,variable
336,Le Triomphe de l'amour,Théâtre du Nord-Ouest,<b>Du 13 mai 2023 au 27 décembre 2023</b>,variable
337,Vertige (2001-2021),Théâtre Silvia Monfort,<b>Du 10 janvier 2024 au 13 janvier 2024</b>,variable
338,Crécelle,Guichet-Montparnasse,<b>Du 4 janvier 2024 au 25 février 2024</b>,variable
339,Showgirl,Théâtre de la Bastille,<b>Du 26 février 2024 au 9 mars 2024</b>,variable
340,Love Addict,Théâtre Le Passage vers les Étoiles,<b>Du 20 octobre 2023 au 27 janvier 2024</b>,variable
341,A l'ombre de mon tepee,La Petite Croisée des Chemins,<b>Du 11 novembre 2023 au 30 décembre 2023</b>,variable
342,George Dandin ou le mari confondu,Théâtre Darius Milhaud,<b>Du 16 décembre 2023 au 17 février 2024</b>,variable
343,Le Grand Jour,Théâtre de Belleville,<b>Du 4 février 2024 au 26 février 2024</b>,variable
344,Macbeth,Théâtre L'Essaïon,<b>Du 4 avril 2024 au 15 juin 2024</b>,variable
345,La Conférence de Charles Pépin : Vivre avec son passé,Théâtre de la Porte Saint-Martin,<b>Le 5 mars 2024</b>,variable
346,Prima Facie,Théâtre Montparnasse,<b>Du 17 janvier 2024 au 30 mars 2024</b>,variable
347,L'Événement,Théâtre de l'Atelier,<b>Du 13 février 2024 au 27 mars 2024</b>,variable
348,Rohtko,Odéon - Ateliers Berthier,<b>Du 31 janvier 2024 au 9 février 2024</b>,variable
349,Péplum médiéval,Le Centquatre (104),<b>Du 1 février 2024 au 3 février 2024</b>,variable
350,Être peintre,Théâtre 14,<b>Du 30 janvier 2024 au 10 février 2024</b>,variable
351,Toute nue,Théâtre de la Tempête - Cartoucherie,<b>Du 16 mai 2024 au 26 mai 2024</b>,variable
352,Le Misanthrope,Théâtre Montmartre Galabru,<b>Du 24 février 2024 au 27 avril 2024</b>,variable
353,Éventails et Médisances,Théâtre Pixel,<b>Du 15 décembre 2023 au 21 janvier 2024</b>,variable
354,"Les parents viennent de Mars, les enfants du McDo ! Chez Maman",Théâtre des Blancs Manteaux,<b>Du 23 octobre 2022 au 30 mars 2024</b>,variable
355,Second souffle,Le Funambule Montmartre,<b>Du 5 février 2024 au 23 avril 2024</b>,variable
356,Lights on Chaplin,Théâtre Montmartre Galabru,<b>Du 23 septembre 2023 au 13 janvier 2024</b>,variable
357,Avant la terreur,La Colline - Théâtre national,<b>Du 15 juin 2024 au 27 juin 2024</b>,variable
358,Media Vita,Théâtre de la Reine Blanche,<b>Du 10 janvier 2024 au 4 février 2024</b>,variable
359,Ceux qui se sont évaporés,Théâtre de Belleville,<b>Du 4 février 2024 au 27 février 2024</b>,variable
360,Diari d'amore,Athénée Théâtre Louis-Jouvet,<b>Du 6 juin 2024 au 16 juin 2024</b>,variable
361,Finlandia,Théâtre des Bouffes du Nord,<b>Du 1 mars 2024 au 10 mars 2024</b>,variable
362,Dieu ne fait rien pour les faibles,Théâtre de l'Épée de Bois - Cartoucherie,<b>Du 11 janvier 2024 au 28 janvier 2024</b>,variable
363,Huit rois (nos présidents) : V. Giscard d'Estaing,Théâtre 13 - Glacière,<b>Du 13 juin 2024 au 28 juin 2024</b>,variable
364,L'Art de ne pas dire,Théâtre Lepic,<b>Du 28 janvier 2024 au 2 avril 2024</b>,variable
365,Les 7 nuits de la Reine,Théâtre L'Essaïon,<b>Du 25 septembre 2023 au 29 janvier 2024</b>,variable
366,Metoo ?,Comédie des Trois Bornes,<b>Du 23 octobre 2023 au 29 janvier 2024</b>,variable
367,La Mort d'Empédocle,Théâtre de l'Épée de Bois - Cartoucherie,<b>Du 6 février 2024 au 18 février 2024</b>,variable
368,En scène monsieur Guitry,Théâtre de l'Épée de Bois - Cartoucherie,<b>Du 1 février 2024 au 11 février 2024</b>,variable
369,Queen Kong,Théâtre La Croisée des Chemins,<b>Du 9 novembre 2023 au 29 décembre 2023</b>,variable
370,Éric Chartier,Au Port du Salut,<b>Du 8 novembre 2023 au 26 juin 2024</b>,variable
371,Le bar de l'oriental,Théâtre Montparnasse,<b>Du 7 février 2024 au 28 avril 2024</b>,variable
372,Derrière les lignes ennemies,Théâtre du Rond-Point,<b>Du 23 janvier 2024 au 10 février 2024</b>,variable
373,Fin de partie,Théâtre de l'Atelier,<b>Du 5 juin 2024 au 14 juillet 2024</b>,variable
374,La Trajectoire des gamètes,Le Funambule Montmartre,<b>Du 4 octobre 2023 au 31 janvier 2024</b>,variable
375,La Métamorphose des cigognes,La Pépinière Théâtre,<b>Du 27 janvier 2024 au 27 avril 2024</b>,variable
376,Terrasses,La Colline - Théâtre national,<b>Du 15 mai 2024 au 9 juin 2024</b>,variable
377,Julia,Théâtre Silvia Monfort,<b>Du 3 avril 2024 au 6 avril 2024</b>,variable
378,Le Journal intime d'Adam et Eve,Théâtre de l'Épée de Bois - Cartoucherie,<b>Du 29 février 2024 au 10 mars 2024</b>,variable
379,Splendeurs et misères,Théâtre de l'Épée de Bois - Cartoucherie,<b>Du 22 février 2024 au 10 mars 2024</b>,variable
380,Les Consolantes,Théâtre 13 - Bibliothèque,<b>Du 30 janvier 2024 au 9 février 2024</b>,variable
381,Les Vagues,Théâtre de la Tempête - Cartoucherie,<b>Du 16 mai 2024 au 26 mai 2024</b>,variable
382,Les Consolantes,L'Étoile du Nord,<b>Du 24 janvier 2024 au 26 janvier 2024</b>,variable
383,24 secondes,L'Étoile du Nord,<b>Du 19 avril 2024 au 21 avril 2024</b>,variable
384,Soirée prendre part - Nos intelligences,L'Étoile du Nord,<b>Le 16 mars 2024</b>,variable
385,Bérénice,Théâtre Darius Milhaud,<b>Du 10 janvier 2024 au 27 mars 2024</b>,variable
386,Juste un sourire,Théâtre Pixel,<b>Du 7 novembre 2023 au 26 décembre 2023</b>,variable
387,Thomas joue ses perruques (Deluxe Edition),Théâtre de l'Atelier,<b>Du 23 janvier 2024 au 1 février 2024</b>,variable
388,Le Coup de la panne,Théâtre du Marais,<b>Du 13 janvier 2024 au 30 mars 2024</b>,variable
389,Le Tigre bleu de l'Euphrate,La Colline - Théâtre national,<b>Du 24 mai 2024 au 16 juin 2024</b>,variable
390,L'Enfant brûlé,Odéon - Ateliers Berthier,<b>Du 27 février 2024 au 17 mars 2024</b>,variable
391,Hubris,Le Funambule Montmartre,<b>Du 18 janvier 2024 au 11 février 2024</b>,variable
392,Un état de nos vies,Théâtre du Rond-Point,<b>Du 21 mai 2024 au 31 mai 2024</b>,variable
393,Florence et Moustafa,Théâtre 14,<b>Du 9 septembre 2023 au 20 janvier 2024</b>,variable
394,Précisément par Hasard,Comédie Nation,<b>Du 23 novembre 2023 au 8 février 2024</b>,variable
395,Le Crédit,Théâtre L'Essaïon,<b>Du 11 septembre 2023 au 22 janvier 2024</b>,variable
396,"Rhinocéros, la nouvelle",Théâtre L'Essaïon,<b>Du 18 avril 2024 au 13 juin 2024</b>,variable
397,La Véritable Histoire de Dracula,Théâtre de la Tour Eiffel,<b>Du 4 février 2024 au 18 février 2024</b>,variable
398,King Kong Théorie,Théâtre Silvia Monfort,<b>Du 4 juin 2024 au 15 juin 2024</b>,variable
399,Kids,La Scala Paris,<b>Du 1 mars 2024 au 6 avril 2024</b>,variable
400,Entre-temps,Théâtre Pixel,,variable
401,La Loi du marcheur,Théâtre de la Bastille,<b>Du 3 mai 2024 au 29 mai 2024</b>,variable
402,À la recherche des canards perdus - Cartographie 1,Théâtre de l'Atelier,<b>Du 23 avril 2024 au 18 juin 2024</b>,variable
403,Oui,Odéon - Ateliers Berthier,<b>Du 24 mai 2024 au 15 juin 2024</b>,variable
404,J'ai si peu parlé ma propre langue,Théâtre de la Reine Blanche,<b>Du 11 janvier 2024 au 3 février 2024</b>,variable
405,Mémoire(s),Le Funambule Montmartre,<b>Du 9 janvier 2024 au 27 février 2024</b>,variable
406,Nom,Théâtre du Rond-Point,<b>Du 19 mars 2024 au 6 avril 2024</b>,variable
407,Tristesse et joie dans la vie des girafes,Théâtre du Rond-Point,<b>Du 23 février 2024 au 3 mars 2024</b>,variable
408,"Moi, Kadhafi",La Scala Paris,<b>Du 9 janvier 2024 au 21 janvier 2024</b>,variable
409,La nuit sera blanche,Théâtre de l'Aquarium - Cartoucherie,<b>Du 18 janvier 2024 au 27 janvier 2024</b>,variable
410,La Solitude des mues,Théâtre de la Tempête - Cartoucherie,<b>Du 13 janvier 2024 au 11 février 2024</b>,variable
411,Krach !,Le Mouffetard - Théâtre des arts de la marionnette,<b>Du 14 mars 2024 au 31 mars 2024</b>,variable
412,Des ombres et des armes,La Manufacture des Abbesses,<b>Du 18 janvier 2024 au 14 avril 2024</b>,variable
413,"Orgueil, poursuite et décapitation",Théâtre Clavel,<b>Du 13 décembre 2023 au 27 décembre 2023</b>,variable
414,Un homme qui dort,Théâtre L'Essaïon,<b>Du 23 novembre 2023 au 29 février 2024</b>,variable
415,Mille et une Layla,Théo Théâtre,<b>Du 18 octobre 2023 au 10 avril 2024</b>,variable
416,Thérapie,Théâtre Pixel,<b>Du 18 septembre 2023 au 17 juin 2024</b>,variable
417,Le Frigo,Théâtre Darius Milhaud,<b>Du 2 novembre 2023 au 28 décembre 2023</b>,variable
418,Un escalier pour la paix,Théâtre Darius Milhaud,<b>Du 6 décembre 2023 au 21 février 2024</b>,variable
419,La Fontaine à travers l'Histoire,Comédie Saint-Michel,<b>Du 1 juillet 2023 au 4 janvier 2024</b>,variable
420,Lettres à un jeune poète,Théâtre de l'Épée de Bois - Cartoucherie,<b>Du 14 mars 2024 au 24 mars 2024</b>,variable
421,Histoires d'amour improvisées,Comédie des Trois Bornes,<b>Du 7 janvier 2024 au 21 janvier 2024</b>,variable
422,Harvey,Théâtre de Nesle,<b>Du 5 janvier 2024 au 15 janvier 2024</b>,variable
423,Hortense Belhôte : Une histoire du football féminin,Chaillot – Théâtre National de la Danse,<b>Le 14 juin 2024</b>,variable
424,Ce qu'il faut dire,Théâtre de la Reine Blanche,<b>Du 21 février 2024 au 10 mars 2024</b>,variable
425,La beauté sauvera le Monde,Théâtre L'Essaïon,<b>Du 29 janvier 2024 au 19 mars 2024</b>,variable
426,Kevin,Théâtre du Rond-Point,<b>Du 23 avril 2024 au 11 mai 2024</b>,variable
427,Abysses,Le Centquatre (104),<b>Du 18 janvier 2024 au 20 janvier 2024</b>,variable
428,Item,Théâtre de l'Aquarium - Cartoucherie,<b>Du 15 mars 2024 au 24 mars 2024</b>,variable
429,Portrait d'une femme,Théâtre de l'Épée de Bois - Cartoucherie,<b>Du 8 février 2024 au 18 février 2024</b>,variable
430,Abysses,Théâtre 13 - Bibliothèque,<b>Du 28 février 2024 au 9 mars 2024</b>,variable
431,Farben,Le Mouffetard - Théâtre des arts de la marionnette,<b>Du 17 janvier 2024 au 27 janvier 2024</b>,variable
432,Nous étions la forêt,L'Étoile du Nord,<b>Le 27 janvier 2024</b>,variable
433,Le Portrait de Dorian Gray,Laurette Théâtre,<b>Du 13 janvier 2024 au 30 mars 2024</b>,variable
434,Futur,Les Plateaux sauvages,<b>Du 29 janvier 2024 au 10 février 2024</b>,variable
435,"Antigone II, Métro Charonne le 8 février 1962",Théâtre Mélo d'Amélie,<b>Du 24 septembre 2023 au 28 avril 2024</b>,variable
436,19.5 :  Le dix-neuvième en cinq actes,Théâtre L'Essaïon,<b>Du 15 novembre 2023 au 28 février 2024</b>,variable
437,Un mois à la campagne,Théâtre du Nord-Ouest,<b>À partir du  2 septembre 2021.</b>,variable
438,Le Pain de ménage,Théâtre du Nord-Ouest,<b>Du 12 mai 2023 au 2 janvier 2024</b>,variable
439,Michaël Louchart : Un père à aimer,La Divine Comédie,<b>Du 19 septembre 2023 au 24 avril 2024</b>,variable
440,Salomon Abramovski roi d'Angleterre !,Les Rendez-Vous d'Ailleurs,<b>Du 30 septembre 2023 au 31 décembre 2023</b>,variable
441,Les Possédés d'Illfurth,Théâtre du Rond-Point,<b>Du 14 mai 2024 au 1 juin 2024</b>,variable
442,Cavalières,La Colline - Théâtre national,<b>Du 5 mars 2024 au 31 mars 2024</b>,variable
443,Voyage d'un Arlequin contemporain,Théâtre L'Essaïon,<b>Du 13 janvier 2024 au 6 avril 2024</b>,variable
444,Fantômes,Théâtre de la Ville - Sarah Bernhardt,<b>Du 27 février 2024 au 9 mars 2024</b>,variable
445,La Tour de la défense,Théâtre de l'Épée de Bois - Cartoucherie,<b>Du 25 avril 2024 au 12 mai 2024</b>,variable
446,Jamais deux sans douze,Théâtre Douze,<b>Du 7 mars 2024 au 10 mars 2024</b>,variable
447,Inconnu à cette adresse,Théâtre Douze,<b>Du 25 avril 2024 au 5 mai 2024</b>,variable
448,ADN : Alexandra David-Néel,Théâtre de l'Île Saint-Louis,<b>Du 4 novembre 2023 au 23 décembre 2023</b>,variable
449,Eva Peron,Théâtre Darius Milhaud,<b>Du 11 novembre 2023 au 27 janvier 2024</b>,variable
450,Painkiller,La Colline - Théâtre national,<b>Du 6 mars 2024 au 30 mars 2024</b>,variable
451,Porn For The Blind,Théâtre des Béliers Parisiens,<b>Du 21 janvier 2024 au 11 février 2024</b>,variable
452,"Les Petits Chevaux, une histoire d'enfants des Lebensborn",Théâtre de la Reine Blanche,<b>Du 10 février 2024 au 9 mars 2024</b>,variable
453,Le Moment psychologique,La Scala Paris,<b>Du 1 février 2024 au 11 février 2024</b>,variable
454,PUNK.E.S,La Scala Paris,<b>Du 27 mars 2024 au 6 avril 2024</b>,variable
455,L'Addition,Théâtre Silvia Monfort,<b>Du 30 janvier 2024 au 3 février 2024</b>,variable
456,Huit rois (nos présidents) - Intégrale,Théâtre 13 - Glacière,<b>Du 15 juin 2024 au 29 juin 2024</b>,variable
457,Nos âmes faibles,La Manufacture des Abbesses,<b>Du 22 janvier 2024 au 14 février 2024</b>,variable
458,Alexandra et Dominique Duvivier - Signatures,Le Double Fond,<b>Du 22 mars 2024 au 19 juillet 2024</b>,variable
459,Brasser de l'air et s'envoler,La Flèche,<b>Du 10 janvier 2024 au 13 mars 2024</b>,variable
460,Le Tissu des rêves,Théâtre Darius Milhaud,<b>Du 13 janvier 2024 au 16 mars 2024</b>,variable
461,Les Doubles Vies de Sarah Bernhardt,Théâtre Darius Milhaud,<b>Du 10 décembre 2023 au 31 mars 2024</b>,variable
462,Le Journal d'un fou,Théâtre L'Essaïon,<b>Du 19 avril 2024 au 27 juillet 2024</b>,variable
463,Old up,Théâtre de la Reine Blanche,<b>Du 17 janvier 2024 au 18 février 2024</b>,variable
464,"Jean Zay, l'homme complet",Théâtre L'Essaïon,<b>Du 16 janvier 2024 au 26 mars 2024</b>,variable
465,La Meringue du souterrain,Théâtre du Rond-Point,<b>Du 5 juin 2024 au 15 juin 2024</b>,variable
466,Poings,Théâtre Silvia Monfort,<b>Du 26 avril 2024 au 4 mai 2024</b>,variable
467,Dispak Dispac'h,Théâtre Silvia Monfort,<b>Du 21 mars 2024 au 31 mars 2024</b>,variable
468,RAPT,Le Centquatre (104),<b>Du 24 janvier 2024 au 27 janvier 2024</b>,variable
469,Huit rois (nos présidents) - J. Chirac / F. Mitterrand,Théâtre 13 - Glacière,<b>Du 14 juin 2024 au 27 juin 2024</b>,variable
470,Tellement sympa,IVT - International Visual Théâtre,<b>Du 5 mars 2024 au 18 mars 2024</b>,variable
471,Une vampire au soleil,Théâtre Dunois,<b>Du 27 février 2024 au 9 mars 2024</b>,variable
472,Dr Jekyll and Mr Hyde,Alhambra,<b>Le 14 mai 2024</b>,variable
473,Sur les ruines de Babel L,La Divine Comédie,<b>Du 8 janvier 2024 au 12 janvier 2024</b>,variable
474,Okiss,La Flèche,<b>Du 13 janvier 2024 au 16 mars 2024</b>,variable
475,Le Cri,Théâtre Darius Milhaud,<b>Du 9 janvier 2024 au 26 mars 2024</b>,variable
476,La nuit c'est comme ça,Les Plateaux sauvages,<b>Du 22 avril 2024 au 30 avril 2024</b>,variable
477,Armande Sanseverino / Gaël Germain : En pièce jointe,Les Plateaux sauvages,<b>Du 13 mai 2024 au 17 mai 2024</b>,variable
478,Marcus,Comédie Bastille,<b>Du 16 septembre 2023 au 30 décembre 2023</b>,variable
479,Pôvre vieille démocrasseuse,Théâtre L'Essaïon,<b>Du 8 octobre 2023 au 14 janvier 2024</b>,variable
480,Adieu Marquise,Théâtre du Nord-Ouest,<b>À partir du  29 décembre 2022.</b>,variable
481,L'Ingénu,Théâtre L'Essaïon,<b>Du 1 mars 2024 au 31 mars 2024</b>,variable
482,Artaud passion,Théâtre de l'Épée de Bois - Cartoucherie,<b>Du 22 février 2024 au 10 mars 2024</b>,variable
483,Un soir avec... Charles Berling,Théâtre des Mathurins,<b>Le 29 janvier 2024</b>,variable
484,Le Papier peint jaune,Théâtre de la Reine Blanche,<b>Du 13 mars 2024 au 14 avril 2024</b>,variable
485,Looking for Jaurès,Théâtre L'Essaïon,<b>Du 23 janvier 2024 au 2 avril 2024</b>,variable
486,"Quand je serai grande... tu seras une femme, ma fille",Théâtre L'Essaïon,<b>Le 27 janvier 2024</b>,variable
487,Calek,La Scala Paris,<b>Du 27 janvier 2024 au 4 février 2024</b>,variable
488,Qui a besoin du ciel,Le Centquatre (104),<b>Du 25 janvier 2024 au 10 février 2024</b>,variable
489,Il faut rendre à Césaire,Théâtre de l'Épée de Bois - Cartoucherie,<b>Du 16 mai 2024 au 26 mai 2024</b>,variable
490,Dreyfus,Théâtre de l'Épée de Bois - Cartoucherie,<b>Du 27 janvier 2024 au 3 mars 2024</b>,variable
491,L’Abolition des privilèges,Théâtre 13 - Bibliothèque,<b>Du 20 mars 2024 au 30 mars 2024</b>,variable
492,Clôture de l'amour,Théâtre 14,<b>Du 23 avril 2024 au 4 mai 2024</b>,variable
493,Heroe(s) 2,Théâtre Dunois,<b>Du 9 janvier 2024 au 16 janvier 2024</b>,variable
494,Il faudra que tu m’aimes le jour où j’aimerai pour la première fois sans toi,Théâtre Paris-Villette,<b>Du 8 mars 2024 au 24 mars 2024</b>,variable
495,Gelsomina,À la Folie Théâtre,<b>Du 7 janvier 2024 au 5 mai 2024</b>,variable
496,Le Prince à la tête de coton,La Flèche,<b>Du 13 janvier 2024 au 16 mars 2024</b>,variable
497,Et tu n'es pas revenu,Théâtre du Nord-Ouest,<b>À partir du  27 mars 2023.</b>,variable
498,Confidences,Théâtre du Nord-Ouest,<b>Du 23 juin 2023 au 29 décembre 2023</b>,variable
499,Montée aux calvaires,Théâtre Darius Milhaud,<b>Du 15 décembre 2023 au 26 janvier 2024</b>,variable
500,L'Homme et son pantalon,Théâtre de l'Épée de Bois - Cartoucherie,<b>Du 11 avril 2024 au 21 avril 2024</b>,variable
501,Le Premier Sexe ou la grosse arnaque de la virilité,Théâtre de la Reine Blanche,<b>Du 2 juin 2024 au 9 juin 2024</b>,variable
502,L'Aquoiboniste,Le Théâtre Libre,<b>Du 1 février 2024 au 24 mars 2024</b>,variable
503,La Femme à qui rien n'arrive,La Scala Paris,<b>Du 6 février 2024 au 20 mars 2024</b>,variable
504,"Ana, une jeune femme au camp",Comédie Saint-Michel,<b>Du 18 novembre 2023 au 7 janvier 2024</b>,variable
505,Inadaptés,Comédie Nation,<b>Du 5 janvier 2024 au 9 février 2024</b>,variable
506,SPERM,Théâtre de la Reine Blanche,<b>Du 2 avril 2024 au 11 mai 2024</b>,variable
507,La Fête du slip,Théâtre de la Reine Blanche,<b>Du 8 mai 2024 au 14 juin 2024</b>,variable
508,Monsieur Henri raconte,Le Funambule Montmartre,<b>Du 17 janvier 2024 au 1 mai 2024</b>,variable
509,Paroles de parents,Théâtre de la Huchette,<b>Du 15 janvier 2024 au 12 février 2024</b>,variable
510,Rossignol à la langue pourrie,Théâtre L'Essaïon,<b>Du 28 janvier 2024 au 18 mars 2024</b>,variable
511,LIVE,Théâtre de la Ville - Sarah Bernhardt,<b>Du 17 février 2024 au 23 février 2024</b>,variable
512,En travers de sa gorge,Théâtre du Rond-Point,<b>Du 6 mars 2024 au 16 mars 2024</b>,variable
513,Une saison de machettes,Théâtre de l'Épée de Bois - Cartoucherie,<b>Du 25 avril 2024 au 12 mai 2024</b>,variable
514,Qui a peur ?,Théâtre 14,<b>Du 7 mai 2024 au 25 mai 2024</b>,variable
515,Les Enchantements,Théâtre Ouvert,<b>Du 15 janvier 2024 au 27 janvier 2024</b>,variable
516,Corde. raide,Théâtre de la Tempête - Cartoucherie,<b>Du 19 avril 2024 au 5 mai 2024</b>,variable
517,Brady,L'Étoile du Nord,<b>Le 2 février 2024</b>,variable
518,Michetonneuse,Apollo Théâtre,<b>Du 18 janvier 2024 au 31 mars 2024</b>,variable
519,Mars Exploration,Les Plateaux sauvages,<b>Du 11 janvier 2024 au 19 janvier 2024</b>,variable
520,Nous ne sommes plus...,Les Plateaux sauvages,<b>Du 28 février 2024 au 12 mars 2024</b>,variable
521,Merci pour la lumière,Comédie des Trois Bornes,<b>Du 16 septembre 2023 au 27 janvier 2024</b>,variable
522,Holyshit !,Théâtre de la Reine Blanche,<b>Du 13 février 2024 au 23 mars 2024</b>,variable
523,Riveraines,Théâtre de la Reine Blanche,<b>Du 14 mai 2024 au 15 juin 2024</b>,variable
524,Flammes de science - Prix No'Bell,Théâtre de la Reine Blanche,<b>Du 27 mars 2024 au 25 avril 2024</b>,variable
525,Lettres non-écrites,Théâtre du Rond-Point,<b>Du 23 avril 2024 au 27 avril 2024</b>,variable
526,Contes d'État,Théâtre de la Cité Internationale - Cité Internationale Universitaire,<b>Du 29 février 2024 au 23 mars 2024</b>,variable
527,Céline,Le Centquatre (104),<b>Du 18 janvier 2024 au 20 janvier 2024</b>,variable
528,Barbara (par Barbara),Le Centquatre (104),<b>Du 7 février 2024 au 9 février 2024</b>,variable
529,Pères,Le Centquatre (104),<b>Du 25 janvier 2024 au 27 janvier 2024</b>,variable
530,Bartleby le scribe,Théâtre de l'Épée de Bois - Cartoucherie,<b>Du 15 février 2024 au 25 février 2024</b>,variable
531,Du pain et des jeux,Théâtre 13 - Bibliothèque,<b>Du 23 avril 2024 au 4 mai 2024</b>,variable
532,L'Âge de détruire,Théâtre Ouvert,<b>Du 12 mars 2024 au 23 mars 2024</b>,variable
533,Je vis dans une maison qui n’existe pas,Théâtre Ouvert,<b>Du 11 avril 2024 au 16 avril 2024</b>,variable
534,Qu’est-ce que tu crois ?,Le Mouffetard - Théâtre des arts de la marionnette,<b>Du 24 mai 2024 au 25 mai 2024</b>,variable
535,Traversées,IVT - International Visual Théâtre,<b>Du 23 mars 2024 au 24 mars 2024</b>,variable
536,"La Lecture, un tabou",IVT - International Visual Théâtre,<b>Le 16 mai 2024</b>,variable
537,Naissance(s),Théâtre de la Bastille,<b>Le 21 avril 2024</b>,variable
538,L'Archipel,Théâtre Dunois,<b>Du 6 mai 2024 au 17 mai 2024</b>,variable
539,Jane Eyre,Laurette Théâtre,<b>Du 26 janvier 2024 au 23 février 2024</b>,variable
540,Sous influence,La Flèche,<b>Du 12 janvier 2024 au 15 mars 2024</b>,variable
541,Senora Tentacion,Les Plateaux sauvages,<b>Du 26 février 2024 au 9 mars 2024</b>,variable
542,Le Sang des louves,Théâtre du Nord-Ouest,<b>Du 7 octobre 2023 au 23 décembre 2023</b>,variable
543,L'Art du rire,La Scala Paris,<b>Du 11 janvier 2024 au 12 mars 2024</b>,variable
544,De la morue - Cartographie 6,Théâtre de l'Atelier,<b>Du 24 avril 2024 au 19 juin 2024</b>,variable
545,Majola,Théâtre L'Essaïon,<b>Du 8 avril 2024 au 20 mai 2024</b>,variable
546,Rembrandt sous l’escalier,Théâtre L'Essaïon,<b>Du 25 mars 2024 au 11 juin 2024</b>,variable
547,Jogging,Théâtre Silvia Monfort,<b>Du 22 mai 2024 au 25 mai 2024</b>,variable
548,Tamara Al Saadi - PARTIE,Théâtre Silvia Monfort,<b>Du 2 avril 2024 au 6 avril 2024</b>,variable
549,La Brande,Théâtre de la Cité Internationale - Cité Internationale Universitaire,<b>Du 23 janvier 2024 au 5 février 2024</b>,variable
550,Capharnaüm,Théâtre de la Cité Internationale - Cité Internationale Universitaire,<b>Du 25 avril 2024 au 27 avril 2024</b>,variable
551,Tamara Al Saadi - PARTIE,Le Centquatre (104),<b>Du 19 janvier 2024 au 21 janvier 2024</b>,variable
552,Jusqu’à présent personne n’a ouvert mon crâne pour voir s’il y avait un cerveau dedans,Le Centquatre (104),<b>Du 24 janvier 2024 au 27 janvier 2024</b>,variable
553,Le Cimetière des voitures,Théâtre de l'Épée de Bois - Cartoucherie,<b>Du 4 avril 2024 au 21 avril 2024</b>,variable
554,Video-Like,Maison des métallos,<b>Du 12 mars 2024 au 16 mars 2024</b>,variable
555,Transversari,Maison des métallos,<b>Du 27 mars 2024 au 29 mars 2024</b>,variable
556,M.A.D ! Je te promets la forêt rebelle,Théâtre de la Tempête - Cartoucherie,<b>Du 6 juin 2024 au 23 juin 2024</b>,variable
557,Je suis perdu,Théâtre de la Tempête - Cartoucherie,<b>Du 7 juin 2024 au 23 juin 2024</b>,variable
558,Fin (Faim),L'Étoile du Nord,<b>Du 8 février 2024 au 9 février 2024</b>,variable
559,Big bang circus,La Manufacture des Abbesses,<b>Du 17 janvier 2024 au 16 mars 2024</b>,variable
560,Le Mariage de Figaro,Théâtre Montmartre Galabru,<b>Du 21 janvier 2024 au 24 mars 2024</b>,variable
561,"Allez, roule !",Théo Théâtre,<b>Du 2 février 2024 au 26 avril 2024</b>,variable
562,À qui elle s'abandonne,La Flèche,<b>Du 11 janvier 2024 au 14 mars 2024</b>,variable
563,King,La Flèche,<b>Du 12 janvier 2024 au 15 mars 2024</b>,variable
564,Crossed,Théâtre Darius Milhaud,<b>Du 8 janvier 2024 au 25 mars 2024</b>,variable
565,Méchant.e,Théâtre du Gouvernail,<b>Du 22 novembre 2023 au 30 janvier 2024</b>,variable
566,Le Chef-d’œuvre inconnu,Théâtre L'Essaïon,<b>Du 7 avril 2024 au 23 juin 2024</b>,variable
567,Flammes de science - Exil intérieur,Théâtre de la Reine Blanche,<b>Du 29 mars 2024 au 28 avril 2024</b>,variable
568,Rimbaud cavalcades !,Théâtre L'Essaïon,<b>Du 25 mars 2024 au 25 juin 2024</b>,variable
569,Marcus et les siens,Théâtre de la Reine Blanche,<b>Du 7 février 2024 au 10 mars 2024</b>,variable
570,La Fille qui a tout mangé et autres petits camarades,Théâtre de la Reine Blanche,<b>Du 11 janvier 2024 au 3 février 2024</b>,variable
571,Flammes de science - L'Affaire Rosalind Franklin,Théâtre de la Reine Blanche,<b>Du 7 mai 2024 au 9 juin 2024</b>,variable
572,Eddy s'évade !,Théâtre Mélo d'Amélie,<b>Du 11 janvier 2024 au 25 avril 2024</b>,variable
573,À la vie !,Théâtre Silvia Monfort,<b>Du 6 mars 2024 au 16 mars 2024</b>,variable
574,Habiter,Théâtre Silvia Monfort,<b>Du 23 mars 2024 au 28 mars 2024</b>,variable
575,Les Frères Sagot,Le Centquatre (104),<b>Du 25 janvier 2024 au 27 janvier 2024</b>,variable
576,L'Arbre à sang,Le Centquatre (104),<b>Du 2 février 2024 au 10 février 2024</b>,variable
577,EXPLOSIF,Théâtre de l'Épée de Bois - Cartoucherie,<b>Du 16 mai 2024 au 2 juin 2024</b>,variable
578,Sans humain à l'intérieur,Le Mouffetard - Théâtre des arts de la marionnette,<b>Du 27 février 2024 au 10 mars 2024</b>,variable
579,Un océan d'amour,IVT - International Visual Théâtre,<b>Du 4 avril 2024 au 6 avril 2024</b>,variable
580,Constellations,IVT - International Visual Théâtre,<b>Du 18 janvier 2024 au 21 janvier 2024</b>,variable
581,You have to be deaf to understand,IVT - International Visual Théâtre,<b>Du 25 avril 2024 au 27 avril 2024</b>,variable
582,Aurore Evain - Conférence sur le Matrimoine,Théâtre de la Bastille,<b>Le 1 mars 2024</b>,variable
583,L'Épidémie,Théâtre de Nesle,<b>Du 13 janvier 2024 au 21 janvier 2024</b>,variable
584,Terrain vague,Les Plateaux sauvages,<b>Du 29 janvier 2024 au 3 février 2024</b>,variable
585,Don Juan,Théâtre Montmartre Galabru,<b>Du 19 janvier 2024 au 5 avril 2024</b>,variable
586,Radio Live : La relève : Les vivantes,Chaillot – Théâtre National de la Danse,<b>Du 24 avril 2024 au 27 avril 2024</b>,variable
587,Hortense Belhôte : Et la marmotte ?,Chaillot – Théâtre National de la Danse,<b>Le 15 juin 2024</b>,variable
588,Les Mémoires de Paul Palandin,Le Grand Point Virgule,<b>Le 11 janvier 2024</b>,variable
589,Monsieur Motobécane,Théâtre du Petit Saint-Martin,<b>Du 25 avril 2024 au 1 juin 2024</b>,variable
590,"I am the same, yet so different",Le Centquatre (104),<b>Du 19 janvier 2024 au 20 janvier 2024</b>,variable
591,Comme le nageur au fond des mers,Théâtre Ouvert,<b>Du 30 janvier 2024 au 10 février 2024</b>,variable
592,Le Prix de l'or,Théâtre Ouvert,<b>Du 10 juin 2024 au 20 juin 2024</b>,variable
593,Play War,IVT - International Visual Théâtre,<b>Du 1 février 2024 au 2 février 2024</b>,variable
594,Les confinés,IVT - International Visual Théâtre,<b>Du 6 juin 2024 au 9 juin 2024</b>,variable
595,Travol'Time,L'Étoile du Nord,<b>Le 24 mai 2024</b>,variable
596,Agathe Charnet - Éco-féminismes : repenser nos liens aux vivant·e·s,L'Étoile du Nord,<b>Le 25 mai 2024</b>,variable
597,Parcours littéraire #2 Lucie Rico - Écrire plusieurs langages,L'Étoile du Nord,<b>Le 8 mars 2024</b>,variable
598,Parcours littéraire #3 Lucie Rico : Lecture performée de « La partie »,L'Étoile du Nord,<b>Le 1 juin 2024</b>,variable
599,Longwy-Texas,Théâtre de la Bastille,<b>Du 4 mars 2024 au 6 mars 2024</b>,variable
